chr1	13702932	13702933	rs34365458	+	A	C	0.685304
chr1	14611210	14611211	rs1339363	-	A	C	0.608427
chr1	14655711	14655712	rs820628	-	G	C	0.803315
chr1	14768858	14768859	rs75252943	+	G	A	0.972644
chr1	14771995	14771996	rs34533856	+	C	T	0.805511
chr1	16659951	16659952	rs12078435	+	G	A	0.881356
chr1	17663629	17663630	rs1635591	-	T	A	0.585663
chr1	18772970	18772971	rs2946532	-	T	A	0.595647
chr1	19672998	19672999	rs11582582	+	A	T	0.948882
chr1	23771336	23771337	rs55964453	+	G	A	0.939696
chr1	24720002	24720003	rs501748	+	A	G	0.744609
chr1	26692049	26692050	rs4354529	+	A	G	0.891973
chr1	28684219	28684220	rs9662425	+	C	T	0.731030
chr1	28755849	28755850	rs77745539	+	T	C	0.969848
chr1	29641864	29641865	rs35918836	+	G	A	0.908914
chr1	30619204	30619205	rs10799080	+	C	T	0.745807
chr1	37674766	37674767	rs215841	+	A	G	0.972222
chr1	41711338	41711339	rs12130655	+	T	C	0.908746
chr1	42708851	42708852	rs343389	+	T	C	0.711661
chr1	42778723	42778724	rs1966213	+	G	A	0.676118
chr1	45700242	45700243	rs78009310	+	A	G	0.898363
chr1	46618458	46618459	rs146203180	+	T	C	0.965655
chr1	50669369	50669370	rs4926846	+	T	C	0.878994
chr1	55677525	55677526	rs114261678	+	A	G	0.986821
chr1	55682081	55682082	rs12401534	+	C	T	0.885982
chr1	56647558	56647559	rs74910985	+	C	T	0.918730
chr1	56766625	56766626	rs1417772	+	C	T	0.644369
chr1	57762307	57762308	rs76540545	+	T	C	0.940895
chr1	60724733	60724734	rs11207586	+	G	A	0.787540
chr1	61647102	61647103	rs12091215	+	A	G	0.765176
chr1	63628903	63628904	rs6658397	+	T	A	0.700679
chr1	66601410	66601411	rs2503173	+	G	A	0.520567
chr1	66666415	66666416	rs78367536	+	A	G	0.502995
chr1	67781116	67781117	rs2066446	-	A	C	0.763379
chr1	69682038	69682039	rs72938399	+	G	A	0.901358
chr1	71607529	71607530	rs75813175	+	G	C	0.988219
chr1	72763323	72763324	rs113258216	+	C	T	0.983427
chr2	12729768	12729769	rs9287747	+	T	C	0.802117
chr2	13672296	13672297	rs76959215	+	A	G	0.924920
chr2	14614524	14614525	rs10182537	+	C	G	0.595647
chr2	16632750	16632751	rs10185113	+	A	G	0.583866
chr2	16808371	16808372	rs6729677	+	A	G	0.559904
chr2	19622916	19622917	rs13002607	+	A	G	0.563898
chr2	22614224	22614225	rs1509358	+	C	A	0.768970
chr2	22659928	22659929	rs60598088	+	G	C	0.960264
chr2	26708056	26708057	rs115227206	+	G	A	0.987620
chr2	29717066	29717067	rs55926548	+	G	C	0.806909
chr2	29791278	29791279	rs67551105	+	G	A	0.939097
chr2	30736741	30736742	rs4951991	+	G	A	0.835663
chr2	34771476	34771477	rs112633680	+	G	T	0.966254
chr2	36642025	36642026	rs10184816	+	A	G	0.700679
chr2	40707702	40707703	rs116476375	+	T	C	0.949081
chr2	40795130	40795131	rs12469907	+	T	C	0.843450
chr2	41786541	41786542	rs112143383	+	T	A	0.930911
chr2	42613323	42613324	rs113279629	+	C	A	0.603634
chr2	43622471	43622472	rs10166376	+	C	T	0.892372
chr2	43804228	43804229	rs13021894	+	T	C	0.666020
chr2	48745735	48745736	rs4641991	+	G	A	0.753195
chr2	52603447	52603448	rs75288808	+	T	C	0.977636
chr2	53703154	53703155	rs1318578	+	C	A	0.735623
chr2	54648717	54648718	rs10200727	+	T	A	0.556110
chr2	57706531	57706532	rs1914756	-	T	A	0.707268
chr2	57794229	57794230	rs28695681	+	T	A	0.913938
chr2	60809020	60809021	rs370722859	+	G	A	0.986821
chr2	61782898	61782899	rs778761	-	C	A	0.835463
chr2	63633735	63633736	rs1966112	-	T	A	0.625998
chr2	63763540	63763541	rs11693636	+	A	C	0.914936
chr2	65725693	65725694	rs74908268	+	A	G	0.983626
chr2	65794851	65794852	rs7559188	+	C	T	0.553514
chr2	66648457	66648458	rs12471420	+	C	T	0.980232
chr2	67666658	67666659	rs6709141	+	G	A	0.983027
chr2	70736218	70736219	rs454305	+	A	G	0.566294
chr3	10675105	10675106	rs73811972	+	C	T	0.949880
chr3	10716995	10716996	rs1836289	-	C	A	0.841254
chr3	11619957	11619958	rs11712666	+	G	A	0.753195
chr3	13765390	13765391	rs2974384	-	A	C	0.544928
chr3	13781681	13781682	rs9310430	+	A	G	0.738618
chr3	15608347	15608348	rs112181655	+	T	C	0.865216
chr3	17624985	17624986	rs9968236	+	G	C	0.939896
chr3	20632264	20632265	rs9833316	+	A	G	0.733427
chr3	21622300	21622301	rs185033605	+	A	G	0.887181
chr3	21763811	21763812	rs13314718	+	T	C	0.579473
chr3	22677178	22677179	rs34726607	+	A	T	0.829073
chr3	24601910	24601911	rs9310745	+	C	T	0.708666
chr3	25616251	25616252	rs55801354	+	G	A	0.837859
chr3	29656686	29656687	rs7647230	+	A	G	0.672724
chr3	30651545	30651546	rs6798752	+	A	C	0.965256
chr3	33775019	33775020	rs112009136	+	G	A	0.738019
chr3	36708383	36708384	rs28587472	+	A	T	0.801917
chr3	41764158	41764159	rs59871868	+	A	G	0.974840
chr3	42613277	42613278	rs2136012	+	T	A	0.542532
chr3	42730647	42730648	rs339701	-	C	G	0.827077
chr3	43764967	43764968	rs1468601	-	A	G	0.860423
chr3	46717491	46717492	rs4683269	+	C	G	0.699281
chr3	47618824	47618825	rs61732079	+	A	C	0.986504
chr3	49765482	49765483	rs2307021	-	C	G	0.790535
chr3	50604683	50604684	rs55852678	+	G	A	0.964257
chr3	50723958	50723959	rs6446209	+	T	G	0.979034
chr3	52636807	52636808	rs57757646	+	C	T	0.924920
chr3	52739519	52739520	rs8906	+	T	C	0.695288
chr3	55664448	55664449	rs7615339	+	G	A	0.577676
chr3	55671042	55671043	rs9852175	+	T	G	0.717452
chr3	55698175	55698176	rs11705985	+	T	C	0.524561
chr3	56798946	56798947	rs77425500	+	G	A	0.957867
chr3	57713359	57713360	rs7609911	+	A	C	0.532348
chr3	62668328	62668329	rs1395444	+	T	G	0.831070
chr3	64710708	64710709	rs13060013	+	C	A	0.760982
chr3	65625475	65625476	rs4369976	+	A	G	0.852436
chr3	65765280	65765281	rs264114	+	A	G	0.639577
chr3	65809215	65809216	rs4688248	+	C	A	0.501797
chr3	66687321	66687322	rs146983397	+	C	A	0.969449
chr3	68721849	68721850	rs76361879	+	C	T	0.950280
chr3	69760189	69760190	rs12491686	+	A	G	0.645367
chr3	70600379	70600380	rs71298345	+	T	C	0.890974
chr3	73660068	73660069	rs4677314	+	A	G	0.587460
chr4	11637942	11637943	rs1860293	-	G	A	0.543331
chr4	11704438	11704439	rs6448813	+	G	A	0.508387
chr4	13667309	13667310	rs148323849	+	A	C	0.989417
chr4	15604955	15604956	rs28778886	+	A	G	0.985623
chr4	17712783	17712784	rs13131947	+	T	C	0.637979
chr4	20644381	20644382	rs34354707	+	C	G	0.722644
chr4	22666054	22666055	rs6841197	+	G	A	0.910942
chr4	22788995	22788996	rs61794902	+	T	C	0.880391
chr4	23737796	23737797	rs13120568	+	A	G	0.604034
chr4	24699187	24699188	rs6814308	+	A	G	0.513379
chr4	27687041	27687042	rs445891	-	T	A	0.781749
chr4	29625597	29625598	rs16882014	+	G	T	0.987220
chr4	29649571	29649572	rs16882044	+	C	T	0.709265
chr4	30630381	30630382	rs767478	+	G	A	0.772165
chr4	35660015	35660016	rs6818776	+	A	C	0.737420
chr4	36715812	36715813	rs564328509	+	T	C	0.910743
chr4	37707374	37707375	rs13115041	+	C	T	0.566893
chr4	39657291	39657292	rs10856848	+	C	T	0.627196
chr4	41801818	41801819	rs1898886	-	C	A	0.563299
chr4	42727693	42727694	rs2575566	-	A	G	0.778155
chr4	58792892	58792893	rs1480303	+	A	G	0.700679
chr4	61750402	61750403	rs62313282	+	C	T	0.940296
chr4	62735585	62735586	rs6822962	+	G	A	0.978634
chr4	65667150	65667151	rs141162049	+	C	G	0.984824
chr4	65731864	65731865	rs10025506	+	T	G	0.974641
chr4	67713014	67713015	rs1495113	-	C	G	0.782149
chr4	73785724	73785725	rs9647419	+	T	C	0.906949
chr5	23808435	23808436	rs11738030	+	G	T	0.872005
chr5	24717043	24717044	rs751110	+	G	A	0.653954
chr5	25782550	25782551	rs2928269	+	T	C	0.588095
chr5	26631207	26631208	rs73063941	+	G	A	0.942891
chr5	26688051	26688052	rs17791886	+	T	G	0.864018
chr5	27643022	27643023	rs9688278	+	A	T	0.972244
chr5	30687193	30687194	rs76558154	+	C	A	0.911941
chr5	33799698	33799699	rs2032878	+	T	G	0.828474
chr5	34775715	34775716	rs164309	-	C	A	0.549720
chr5	41768116	41768117	rs10038001	+	G	A	0.979633
chr5	43626791	43626792	rs116710374	+	C	T	0.983626
chr5	43752053	43752054	rs35842681	+	G	A	0.864816
chr5	49703607	49703608	rs7712849	+	G	C	0.570487
chr5	53659957	53659958	rs2194235	+	G	A	0.606430
chr5	58743500	58743501	rs73760305	+	C	G	0.972843
chr5	62605605	62605606	rs72760756	+	C	T	0.791933
chr5	64724255	64724256	rs10940033	+	T	A	0.798922
chr5	65631172	65631173	rs28575626	+	C	G	0.733826
chr5	73685102	73685103	rs10454913	+	G	T	0.541933
chr6	11701972	11701973	rs7750635	+	C	T	0.669529
chr6	15802465	15802466	rs6914658	+	C	T	0.548522
chr6	17694841	17694842	rs12333111	+	C	T	0.966254
chr6	18644654	18644655	rs4052790	+	T	C	0.737220
chr6	18652817	18652818	rs80003437	+	A	G	0.972244
chr6	19714803	19714804	rs73729713	+	G	T	0.979034
chr6	21735353	21735354	rs12528487	+	A	G	0.828075
chr6	22620527	22620528	rs190229320	+	T	C	0.771965
chr6	24732436	24732437	rs12210369	+	G	A	0.917532
chr6	25674918	25674919	rs7755903	+	A	G	0.528954
chr6	27661125	27661126	rs67478198	+	C	T	0.648762
chr6	28607994	28607995	rs34470113	+	C	T	0.853235
chr6	28798609	28798610	rs9357073	+	T	C	0.625200
chr6	30667350	30667351	rs150016503	+	C	G	0.953874
chr6	30695135	30695136	rs76451048	+	G	A	0.905351
chr6	32633815	32633816	rs28746832	+	C	G	0.513379
chr6	33730094	33730095	rs1887340	+	C	T	0.717851
chr6	34672008	34672009	rs147337606	+	G	A	0.988219
chr6	35692641	35692642	rs9462106	+	G	A	0.939896
chr6	41632873	41632874	rs2395784	+	T	C	0.761382
chr6	41705966	41705967	rs372966315	+	T	C	0.781949
chr6	41757835	41757836	rs8393	-	C	G	0.605631
chr6	41795330	41795331	rs12192677	+	G	A	0.791334
chr6	42804826	42804827	rs150968104	+	C	T	0.983427
chr6	43634723	43634724	rs112997299	+	G	T	0.984225
chr6	48659874	48659875	rs200756226	+	A	C	0.978834
chr6	48731124	48731125	rs77264283	+	T	G	0.973243
chr6	49620572	49620573	rs13194498	+	T	C	0.781550
chr6	50642375	50642376	rs78212069	+	T	C	0.980631
chr6	51751334	51751335	rs7765493	+	G	A	0.538538
chr6	54747600	54747601	rs56667985	+	A	G	0.883786
chr6	62762755	62762756	rs9354587	+	C	T	0.680312
chr6	62768874	62768875	rs72884495	+	C	T	0.797324
chr6	65623180	65623181	rs79482367	+	T	C	0.934704
chr6	65703090	65703091	rs28583858	+	A	G	0.927117
chr6	66781279	66781280	rs6934707	+	T	A	0.815296
chr6	67608249	67608250	rs6455164	+	T	A	0.787340
chr6	68661363	68661364	rs9363830	+	C	T	0.929912
chr6	69803461	69803462	rs6913677	+	G	A	0.553315
chr7	10777086	10777087	rs4720897	+	T	C	0.527756
chr7	14707724	14707725	rs7801612	+	G	A	0.854034
chr7	15788240	15788241	rs37423	+	G	A	0.655152
chr7	18642018	18642019	rs2157847	+	G	A	0.883986
chr7	20656053	20656054	rs7809674	+	G	A	0.691693
chr7	29638433	29638434	rs7782330	+	G	A	0.920927
chr7	30727326	30727327	rs255098	+	G	A	0.603834
chr7	30765052	30765053	rs255158	+	G	C	0.571685
chr7	31660041	31660042	rs38343	+	C	G	0.811502
chr7	31727748	31727749	rs34161	+	A	G	0.559704
chr7	33756994	33756995	rs6943676	+	C	G	0.780152
chr7	35744470	35744471	rs17171719	+	T	C	0.806510
chr7	40672688	40672689	rs11977013	+	T	C	0.745208
chr7	44711677	44711678	rs9969123	+	A	T	0.768570
chr7	45607609	45607610	rs74504498	+	C	T	0.965455
chr7	45624448	45624449	rs7456393	+	G	A	0.500998
chr7	47639703	47639704	rs76547138	+	G	A	0.963858
chr7	50624970	50624971	rs2329342	+	G	A	0.653954
chr7	51631275	51631276	rs10266155	+	A	C	0.804513
chr7	52675023	52675024	rs28495645	+	C	T	0.894968
chr7	52675971	52675972	rs79710684	+	G	A	0.984225
chr7	54743609	54743610	rs642018	-	A	C	0.642173
chr7	55659263	55659264	rs67579125	+	T	C	0.814497
chr7	56772747	56772748	rs2002214	-	C	A	0.716653
chr7	67795864	67795865	rs3113068	+	C	T	0.601238
chr7	70629586	70629587	rs1014092	-	A	T	0.808107
chr8	15624842	15624843	rs2721230	+	A	G	0.622005
chr8	26764946	26764947	rs1600790	+	A	C	0.535543
chr8	27687605	27687606	rs12335133	+	A	G	0.776158
chr8	30693015	30693016	rs2720597	-	G	C	0.603235
chr8	31742754	31742755	rs76778267	+	A	G	0.987021
chr8	32810636	32810637	rs11997835	+	A	G	0.982827
chr8	40748093	40748094	rs28650143	+	C	T	0.865815
chr8	43683985	43683986	rs10958778	+	C	T	0.735423
chr8	47620719	47620720	rs7013842	+	A	G	0.964657
chr8	47633424	47633425	rs11778610	+	G	A	0.527756
chr8	49639944	49639945	rs73678188	+	A	C	0.985623
chr8	51735917	51735918	rs13257006	+	G	A	0.528554
chr8	51809094	51809095	rs16915583	+	T	C	0.567692
chr8	58760143	58760144	rs10104466	+	C	T	0.652157
chr8	64661526	64661527	rs7834364	+	G	A	0.849441
chr8	64705757	64705758	rs16930666	+	C	T	0.691494
chr8	68622504	68622505	rs58967460	+	T	C	0.661941
chr8	72665385	72665386	rs4132899	+	A	C	0.605831
chr9	27802429	27802430	rs10968117	+	T	C	0.752196
chr9	31675253	31675254	rs7864110	+	T	C	0.619209
chr9	37756832	37756833	rs7874198	+	A	G	0.837859
chr9	74621567	74621568	rs12682751	+	C	T	0.880990
chr9	74622852	74622853	rs10120981	+	G	A	0.647963
chr10	11746273	11746274	rs56309919	+	C	G	0.683506
chr10	12764369	12764370	rs58429204	+	A	G	0.918730
chr10	13766691	13766692	rs2015015	+	G	A	0.610823
chr10	16738161	16738162	rs10904792	+	C	G	0.553714
chr10	18699403	18699404	rs7075571	+	G	C	0.765974
chr10	19770715	19770716	rs3852459	+	A	G	0.912740
chr10	22788159	22788160	rs57074189	+	C	T	0.866414
chr10	27738380	27738381	rs115699275	+	G	A	0.984225
chr10	44691632	44691633	rs1627329	+	T	C	0.646765
chr10	45695627	45695628	rs6593463	+	G	A	0.537340
chr10	49652372	49652373	rs7089077	+	G	A	0.880391
chr10	55754258	55754259	rs2253790	+	G	T	0.528954
chr10	60716074	60716075	rs282666	+	T	C	0.985423
chr10	66794877	66794878	rs6480025	+	G	C	0.720048
chr10	67666581	67666582	rs10740214	+	A	G	0.513778
chr10	71731128	71731129	rs71480625	+	C	T	0.852037
chr11	10706800	10706801	rs11042918	+	A	C	0.616414
chr11	11715554	11715555	rs7950263	+	T	C	0.955871
chr11	11743453	11743454	rs73421660	+	C	T	0.971645
chr11	12623197	12623198	rs12226830	+	T	G	0.668730
chr11	12767016	12767017	rs61612229	+	A	G	0.980631
chr11	15661504	15661505	rs116062928	+	G	A	0.985823
chr11	19643027	19643028	rs11025200	+	G	A	0.644369
chr11	20630384	20630385	rs4923387	+	C	T	0.889976
chr11	20633056	20633057	rs77593740	+	A	G	0.904952
chr11	21601429	21601430	rs1945563	+	T	C	0.645168
chr11	24681531	24681532	rs3923615	-	G	A	0.500399
chr11	31680754	31680755	rs6484525	+	T	A	0.981230
chr11	32794213	32794214	rs115981114	+	A	C	0.980631
chr11	37758392	37758393	rs1515038	+	A	G	0.737819
chr11	40648825	40648826	rs61886761	+	C	A	0.602236
chr11	42623992	42623993	rs10742634	+	G	A	0.555911
chr11	45753561	45753562	rs78988410	+	G	T	0.954673
chr11	50632117	50632118	rs1895000	+	G	A	0.573882
chr11	58694746	58694747	rs57549228	+	C	T	0.954273
chr11	61706337	61706338	rs4963277	+	C	T	0.585463
chr11	64727086	64727087	rs17146508	+	C	T	0.959465
chr11	69618152	69618153	rs74465038	+	A	G	0.911142
chr11	73772772	73772773	rs4537786	+	T	C	0.820088
chr11	74771375	74771376	rs11600328	+	G	T	0.724641
chr12	11642575	11642576	rs11054318	+	T	C	0.867412
chr12	11698085	11698086	rs7960374	+	C	G	0.748003
chr12	13727940	13727941	rs990824	-	A	G	0.831470
chr12	14640476	14640477	rs11055996	+	T	C	0.687899
chr12	14717402	14717403	rs17405109	+	A	C	0.815296
chr12	18680868	18680869	rs7315933	+	C	T	0.965455
chr12	20617383	20617384	rs80016165	+	A	C	0.852436
chr12	22795031	22795032	rs73080480	+	G	T	0.934305
chr12	23621035	23621036	rs141187355	+	G	A	0.984225
chr12	28630547	28630548	rs150571910	+	G	A	0.843650
chr12	33661223	33661224	rs149781750	+	G	T	0.963858
chr12	39742950	39742951	rs61374155	+	C	T	0.985224
chr12	43621997	43621998	rs11181953	+	G	A	0.606230
chr12	46810540	46810541	rs13377959	+	C	T	0.882388
chr12	49790895	49790896	rs79945474	+	T	G	0.916933
chr12	51636903	51636904	rs1130598	+	G	C	0.539936
chr12	52715814	52715815	rs1540094	-	A	T	0.672724
chr12	56788116	56788117	rs143157509	+	A	G	0.980232
chr12	58797029	58797030	rs11172590	+	G	A	0.670128
chr12	67726935	67726936	rs1184743	-	A	T	0.536342
chr12	67736912	67736913	rs1500431	+	G	A	0.587260
chr12	70635746	70635747	rs11178156	+	A	G	0.550319
chr12	74763669	74763670	rs12824952	+	G	A	0.841054
chr13	31777536	31777537	rs9805861	+	A	G	0.675919
chr13	33736050	33736051	rs9568962	+	T	A	0.726238
chr13	33789144	33789145	rs7327456	+	C	T	0.789337
chr13	44634263	44634264	rs7322539	+	A	G	0.916933
chr13	54717554	54717555	rs2576136	+	G	A	0.875998
chr13	56791117	56791118	rs115120479	+	T	C	0.987021
chr13	57758184	57758185	rs4884278	+	G	T	0.526158
chr13	58653694	58653695	rs9537938	+	G	A	0.580272
chr13	65641440	65641441	rs9528887	+	C	T	0.895567
chr13	73742044	73742045	rs560391629	+	A	T	0.986222
chr14	24661705	24661706	rs2281704	-	T	A	0.729034
chr14	39728207	39728208	rs11621264	+	A	G	0.703474
chr14	46803674	46803675	rs2415955	+	C	T	0.609824
chr14	50705905	50705906	rs2180249	+	G	A	0.659145
chr14	53621206	53621207	rs996264	-	G	C	0.750200
chr14	55757363	55757364	rs67386901	+	C	T	0.724042
chr14	56692317	56692318	rs3783674	+	A	G	0.622005
chr14	56734315	56734316	rs71414112	+	C	G	0.792133
chr14	56758354	56758355	rs117658249	+	T	C	0.933307
chr14	57788180	57788181	rs76213068	+	G	A	0.942292
chr14	58601911	58601912	rs8013760	+	C	T	0.806110
chr14	63669646	63669647	rs1957779	-	A	C	0.502995
chr14	72783299	72783300	rs146099570	+	T	C	0.981030
chr14	73649865	73649866	rs55657666	+	C	T	0.987819
chr15	20771608	20771609	rs554118666	+	T	C	0.936901
chr15	28696379	28696380	rs199983538	+	G	A	0.932708
chr15	33649096	33649097	rs11072413	+	G	A	0.823882
chr15	36666736	36666737	rs73384840	+	G	A	0.884784
chr15	40710722	40710723	rs2075624	+	G	A	0.642173
chr15	49741776	49741777	rs74012379	+	T	A	0.975439
chr15	70666281	70666282	rs11072161	+	A	G	0.506589
chr15	74775683	74775684	rs75953598	+	C	T	0.967652
chr16	10610796	10610797	rs4780932	+	C	G	0.541733
chr16	11633745	11633746	rs12596176	+	G	A	0.590455
chr16	12740669	12740670	rs1713487	-	C	G	0.530551
chr16	13664897	13664898	rs8056758	+	C	T	0.883387
chr16	13742303	13742304	rs35807965	+	C	T	0.723043
chr16	14732177	14732178	rs8057764	+	C	T	0.963059
chr16	17744886	17744887	rs13336156	+	T	C	0.976637
chr16	19680035	19680036	rs2354582	+	T	C	0.588259
chr16	22791671	22791672	rs7191822	+	G	A	0.546526
chr16	26669615	26669616	rs111689221	+	T	C	0.966653
chr16	29641720	29641721	rs57883741	+	G	A	0.673722
chr16	31664269	31664270	rs56247978	+	A	G	0.960264
chr16	31701275	31701276	rs9831777	+	T	A	0.526957
chr16	33727184	33727185	rs140640451	+	G	A	0.917532
chr16	49789854	49789855	rs6500252	+	G	A	0.544529
chr16	51753988	51753989	rs78025473	+	C	A	0.870008
chr16	53765960	53765961	rs7197110	+	T	A	0.766573
chr16	53784520	53784521	rs142908700	+	C	T	0.978634
chr16	58668565	58668566	rs149428	+	G	A	0.822883
chr16	58784323	58784324	rs1646280	+	G	A	0.679912
chr16	59787727	59787728	rs74020084	+	C	T	0.924720
chr16	65737242	65737243	rs7186160	+	T	C	0.577676
chr16	71796990	71796991	rs8052152	+	C	T	0.983826
chr16	73695871	73695872	rs60022731	+	G	T	0.897963
chr17	13723364	13723365	rs9890134	+	G	A	0.685903
chr17	18800091	18800092	rs4924940	+	T	C	0.535942
chr17	20602148	20602149	rs8065015	+	C	T	0.888379
chr17	20740630	20740631	rs2958460	-	C	A	0.503994
chr17	28801075	28801076	rs6505189	+	A	G	0.678714
chr17	31601538	31601539	rs1874601	-	A	C	0.606829
chr17	31603908	31603909	rs12600930	+	G	A	0.831869
chr17	32683288	32683289	rs3136676	+	A	G	0.896765
chr17	36704411	36704412	rs78891234	+	C	T	0.888978
chr17	36732566	36732567	rs59844294	+	C	T	0.905351
chr17	41685837	41685838	rs113332051	+	A	G	0.970847
chr17	41779448	41779449	rs139973896	+	C	T	0.989018
chr17	41806150	41806151	rs6503473	+	G	A	0.952875
chr17	43770711	43770712	rs7207373	+	C	T	0.738019
chr17	52632486	52632487	rs1346670	-	G	C	0.829473
chr17	57618150	57618151	rs9893638	+	T	C	0.565695
chr17	57627785	57627786	rs12325879	+	T	C	0.630192
chr17	58741271	58741272	rs73990937	+	A	T	0.946685
chr17	61732575	61732576	rs73337598	+	T	C	0.698283
chr17	63775310	63775311	rs10083837	+	C	G	0.598043
chr17	73634686	73634687	rs820201	+	G	A	0.624401
chr17	73701097	73701098	rs820231	-	A	C	0.981629
chr17	74605196	74605197	rs2532434	-	C	A	0.582069
chr18	13600236	13600237	rs55826442	+	T	G	0.954673
chr18	18644774	18644775	rs11877741	+	C	T	0.961462
chr18	24634877	24634878	rs113385411	+	A	G	0.960264
chr18	25657625	25657626	rs17446316	+	A	G	0.669529
chr18	31751984	31751985	rs9956360	+	C	G	0.529353
chr18	49673150	49673151	rs12969976	+	G	T	0.951278
chr18	53648076	53648077	rs2588473	-	A	G	0.929513
chr18	71768011	71768012	rs150948933	+	C	T	0.909345
chr19	11672610	11672611	rs543765665	+	C	T	0.894369
chr19	13600314	13600315	rs13346252	+	C	G	0.615815
chr19	15800920	15800921	rs4109350	-	G	C	0.764976
chr19	17766899	17766900	rs34752754	+	C	T	0.641780
chr19	19668915	19668916	rs8109618	+	G	A	0.702676
chr19	20606656	20606657	rs35244568	+	T	C	0.563698
chr19	22790858	22790859	rs2306964	+	A	G	0.631390
chr19	27765930	27765931	rs146869518	+	G	C	0.958666
chr19	29779675	29779676	rs114377659	+	A	G	0.980232
chr19	38675692	38675693	rs139108933	+	C	G	0.957668
chr19	38727639	38727640	rs4803899	+	A	T	0.705671
chr19	40612001	40612002	rs62110063	+	T	A	0.968650
chr19	43643377	43643378	rs2078350	+	A	T	0.762580
chr19	44778404	44778405	rs1233428	+	A	C	0.714771
chr19	48721468	48721469	rs1064791	-	T	A	0.620008
chr19	50746640	50746641	rs149624280	+	C	T	0.987021
chr19	52626711	52626712	rs11084145	+	G	A	0.836462
chr19	52781861	52781862	rs28852381	+	G	A	0.851438
chr20	59629171	59629172	rs7268601	+	T	A	0.596845
