rs12091305,0.886382,GA
rs1748029,0.594848,CG
rs9659340,0.731030,AT
rs12091215,0.765176,AG
rs2503173,0.520567,GA
rs78367536,0.502995,AG
rs12138219,0.801118,AG
rs10182537,0.595647,CG
rs6729677,0.559904,AG
rs13410489,0.769768,AG
rs62129126,0.819489,GA
rs113279629,0.603634,CA
rs1318578,0.735623,CA
rs1914756,0.707268,TA
rs454305,0.566294,AG
rs112126611,0.777356,AG
rs2974384,0.544928,AC
rs9833316,0.733427,AG
rs185033605,0.887181,AG
rs55801354,0.837859,GA
rs28587472,0.801917,AT
rs56047094,0.872804,AT
rs339701,0.827077,CG
rs72622917,0.860423,AC
rs4683269,0.699281,CG
rs2307021,0.790535,CG
rs7615339,0.577676,GA
rs7609911,0.532348,AC
rs1395444,0.831070,TG
rs4369976,0.852436,AG
rs264114,0.639577,AG
rs12491686,0.645367,AG
rs11733751,0.567692,GT
rs6448813,0.508387,GA
rs34354707,0.722644,CG
rs767478,0.772165,GA
rs2575566,0.778155,AG
rs11738030,0.872005,GT
rs12521681,0.717053,GA
rs12652087,0.896366,GA
rs10940033,0.798922,TA
rs28575626,0.733826,CG
rs72760846,0.850439,GA
rs6937161,0.686102,AG
rs12528487,0.828075,AG
rs9274470,0.529752,GA
rs12192677,0.791334,GA
rs7765493,0.538538,GA
rs56667985,0.883786,AG
rs6934707,0.815296,TA
rs6455164,0.787340,TA
rs6913677,0.553315,GA
rs37423,0.655152,GA
rs255098,0.603834,GA
rs7456393,0.500998,GA
rs10266155,0.804513,AC
rs642018,0.642173,AC
rs1014092,0.808107,AT
rs75595178,0.879992,GA
rs11778610,0.527756,GA
rs2325882,0.718251,GA
rs7834364,0.849441,GA
rs2553654,0.729832,CG
rs4132899,0.605831,AC
rs56309919,0.683506,CG
rs10904792,0.553714,CG
rs7075571,0.765974,GC
rs6593463,0.537340,GA
rs7089077,0.880391,GA
rs2253790,0.528954,GT
rs10740214,0.513778,AG
rs12226830,0.668730,TG
rs4923392,0.889976,GC
rs3923615,0.500399,GA
rs1515038,0.737819,AG
rs11036959,0.607827,GC
rs1895000,0.573882,GA
rs11600328,0.724641,GT
rs17405109,0.815296,AC
rs80016165,0.852436,AC
rs150571910,0.843650,GA
rs57360481,0.624800,AG
rs3759153,0.568490,CA
rs12824952,0.841054,GA
rs9805861,0.675919,AG
rs2576136,0.875998,GA
rs9597532,0.719848,AG
rs9537938,0.580272,GA
rs11621264,0.703474,AG
rs8181993,0.615216,GA
rs1959354,0.752995,GC
rs3783674,0.622005,AG
rs71414112,0.792133,CG
rs17100844,0.874002,AT
rs11072162,0.518171,GC
rs34956097,0.592452,AG
rs34754507,0.723243,GA
rs169735,0.832468,AG
rs9831777,0.526957,TA
rs7197830,0.773163,AC
rs149428,0.822883,GA
rs1646280,0.679912,GA
rs9890134,0.685903,GA
rs2958460,0.503994,CA
rs1497359,0.621206,GC
rs3136676,0.896765,AG
rs1346670,0.829473,GC
rs10083837,0.598043,CG
rs2532433,0.847244,CA
rs13346252,0.615815,CG
rs11879787,0.838858,AG
rs6511104,0.887181,AG
rs2078350,0.762580,AT
rs1233428,0.714771,AC
rs1064791,0.620008,TA
