rs16853960,0.963458,GA
rs12091305,0.886382,GA
rs1748029,0.594848,CG
rs78660692,0.973243,AG
rs55964453,0.939696,GA
rs116117262,0.985823,TA
rs9662425,0.731030,CT
rs35770096,0.926717,TC
rs10489685,0.923922,TA
rs12130655,0.908746,TC
rs11488299,0.972843,GA
rs146203180,0.965655,TC
rs4926846,0.878994,TC
rs114261678,0.986821,AG
rs76540545,0.940895,TC
rs143212398,0.984225,GA
rs12091215,0.765176,AG
rs4269797,0.709265,TC
rs2503173,0.520567,GA
rs78367536,0.502995,AG
rs12138219,0.801118,AG
rs75813175,0.988219,GC
rs113258216,0.983427,CT
rs76959215,0.924920,AG
rs10182537,0.595647,CG
rs113122939,0.970248,TC
rs6729677,0.559904,AG
rs13410489,0.769768,AG
rs73919402,0.983027,TA
rs62129126,0.819489,GA
rs67551105,0.939097,GA
rs72856654,0.984824,GA
rs112633680,0.966254,GT
rs75890171,0.974641,AC
rs183852809,0.987021,GA
rs112143383,0.930911,TA
rs113279629,0.603634,CA
rs10166376,0.892372,CT
rs13021894,0.666020,TC
rs75288808,0.977636,TC
rs1318578,0.735623,CA
rs1914756,0.707268,TA
rs113473201,0.888778,CT
rs12471420,0.980232,CT
rs454305,0.566294,AG
rs112126611,0.777356,AG
rs2974384,0.544928,AC
rs112181655,0.865216,TC
rs9833316,0.733427,AG
rs185033605,0.887181,AG
rs62239387,0.973842,AG
rs117959043,0.966254,TA
rs77058099,0.959665,TG
rs55801354,0.837859,GA
rs78857115,0.988818,AG
rs6798752,0.965256,AC
rs28587472,0.801917,AT
rs56047094,0.872804,AT
rs339701,0.827077,CG
rs72622917,0.860423,AC
rs4683269,0.699281,CG
rs2307021,0.790535,CG
rs7615339,0.577676,GA
rs17055665,0.937101,CT
rs7609911,0.532348,AC
rs1395444,0.831070,TG
rs4369976,0.852436,AG
rs264114,0.639577,AG
rs2372150,0.975839,TC
rs146983397,0.969449,CA
rs6783288,0.979034,GC
rs12491686,0.645367,AG
rs71298345,0.890974,TC
rs11733751,0.567692,GT
rs6448813,0.508387,GA
rs148323849,0.989417,AC
rs34354707,0.722644,CG
rs28818214,0.882987,TC
rs28513982,0.930312,TC
rs71596114,0.968850,AG
rs767478,0.772165,GA
rs1019640,0.978634,TA
rs13115041,0.566893,CT
rs2575566,0.778155,AG
rs7679695,0.971246,CT
rs62313282,0.940296,CT
rs11738030,0.872005,GT
rs114612384,0.972843,GA
rs2928269,0.588095,TC
rs73063941,0.942891,GA
rs141434960,0.933906,CT
rs57019377,0.911941,GT
rs13162619,0.969449,TC
rs12652087,0.896366,GA
rs79526174,0.989816,TC
rs34184759,0.865216,CT
rs75495915,0.984824,CT
rs73760305,0.972843,CG
rs72760756,0.791933,CT
rs10940033,0.798922,TA
rs28575626,0.733826,CG
rs72760846,0.850439,GA
rs72653727,0.974840,CT
rs6914658,0.548522,CT
rs78512215,0.980232,TC
rs11965040,0.919928,TC
rs112209529,0.973043,GA
rs12528487,0.828075,AG
rs190229320,0.771965,TC
rs12210369,0.917532,GA
rs74852590,0.988219,CT
rs150016503,0.953874,CG
rs76451048,0.905351,GA
rs9274470,0.529752,GA
rs73410182,0.985224,TC
rs77943040,0.984824,TC
rs12192677,0.791334,GA
rs115507210,0.986222,CT
rs111708554,0.987420,TC
rs13194498,0.781550,TC
rs78212069,0.980631,TC
rs7765493,0.538538,GA
rs56667985,0.883786,AG
rs77895011,0.965256,CT
rs28493571,0.927117,CT
rs6934707,0.815296,TA
rs6455164,0.787340,TA
rs9363830,0.929912,CT
rs6913677,0.553315,GA
rs62448674,0.985024,TG
rs37423,0.655152,GA
rs73315010,0.970647,TC
rs79217266,0.950280,TC
rs7782330,0.920927,GA
rs255098,0.603834,GA
rs75189376,0.949681,CT
rs34160,0.972843,CA
rs139457014,0.941294,CT
rs17171719,0.806510,TC
rs74504498,0.965455,CT
rs7456393,0.500998,GA
rs75971594,0.988818,TC
rs62447496,0.969449,GT
rs10266155,0.804513,AC
rs9649753,0.901558,AG
rs642018,0.642173,AC
rs67579125,0.814497,TC
rs55855999,0.910942,TC
rs113069098,0.964856,CT
rs1014092,0.808107,AT
rs503695,0.982228,TA
rs144700966,0.987819,GA
rs11997835,0.982827,AG
rs75595178,0.879992,GA
rs73568699,0.973043,GA
rs7015416,0.964856,GA
rs11778610,0.527756,GA
rs9886548,0.985623,CA
rs28392660,0.903554,GA
rs2325882,0.718251,GA
rs7834364,0.849441,GA
rs73254798,0.973243,AG
rs58967460,0.661941,TC
rs4132899,0.605831,AC
rs10968117,0.752196,TC
rs7864110,0.619209,TC
rs12682751,0.880990,CT
rs56309919,0.683506,CG
rs58429204,0.918730,AG
rs12220850,0.926917,AT
rs10904792,0.553714,CG
rs7075571,0.765974,GC
rs115699275,0.984225,GA
rs1626459,0.667133,TC
rs6593463,0.537340,GA
rs7089077,0.880391,GA
rs2253790,0.528954,GT
rs10822412,0.720048,CT
rs10740214,0.513778,AG
rs16927145,0.951278,TC
rs77820608,0.983826,CT
rs7950263,0.955871,TC
rs73421660,0.971645,CT
rs12226830,0.668730,TG
rs116062928,0.985823,GA
rs10833139,0.842851,TC
rs4923387,0.889976,CT
rs78823948,0.905152,TC
rs1945563,0.645168,TC
rs3923615,0.500399,GA
rs115124807,0.980631,TG
rs1515038,0.737819,AG
rs11036959,0.607827,GC
rs1895000,0.573882,GA
rs4963277,0.585463,CT
rs58877002,0.929513,AG
rs11600328,0.724641,GT
rs11054317,0.870008,CT
rs11611570,0.914936,GA
rs11055996,0.687899,TC
rs17405109,0.815296,AC
rs12319492,0.981629,AT
rs80016165,0.852436,AC
rs79232500,0.987420,TC
rs150571910,0.843650,GA
rs149781750,0.963858,GT
rs57360481,0.624800,AG
rs1049467,0.780427,CT
rs77225748,0.978634,TC
rs12312713,0.982827,AG
rs775641,0.947484,GC
rs3759153,0.568490,CA
rs12824952,0.841054,GA
rs9805861,0.675919,AG
rs7327456,0.789337,CT
rs115233395,0.984225,AT
rs2576136,0.875998,GA
rs9597532,0.719848,AG
rs9537938,0.580272,GA
rs9528887,0.895567,CT
rs111720825,0.989417,GA
rs11621264,0.703474,AG
rs8181993,0.615216,GA
rs1959354,0.752995,GC
rs67386901,0.724042,CT
rs3783674,0.622005,AG
rs71414112,0.792133,CG
rs117658249,0.933307,TC
rs148860954,0.987220,AG
rs17100844,0.874002,AT
rs146099570,0.981030,TC
rs199983538,0.932708,GA
rs3751640,0.911342,GA
rs11072164,0.508187,TC
rs34780011,0.592452,TC
rs72773590,0.921126,GC
rs35807965,0.723043,CT
rs8057764,0.963059,CT
rs13330165,0.980232,CT
rs957676,0.661830,TC
rs169735,0.832468,AG
rs111689221,0.966653,TC
rs56247978,0.960264,AG
rs9831777,0.526957,TA
rs542814607,0.963059,GA
rs7197830,0.773163,AC
rs114954714,0.988618,CT
rs142908700,0.978634,CT
rs149428,0.822883,GA
rs1646280,0.679912,GA
rs79641663,0.954273,AG
rs7186160,0.577676,TC
rs138636600,0.989417,TC
rs12596350,0.948882,CT
rs9890134,0.685903,GA
rs74844627,0.943890,CT
rs8065015,0.888379,CT
rs2958460,0.503994,CA
rs117173344,0.964856,CT
rs1497359,0.621206,GC
rs16968205,0.970847,GC
rs3136676,0.896765,AG
rs78891234,0.888978,CT
rs139973896,0.989018,CT
rs8077388,0.975040,TA
rs62056862,0.913738,CT
rs1346670,0.829473,GC
rs73990937,0.946685,AT
rs10083837,0.598043,CG
rs2532433,0.847244,CA
rs55826442,0.954673,TG
rs16943240,0.969050,AG
rs9945937,0.546126,TC
rs12969976,0.951278,GT
rs74951898,0.964657,CA
rs138532613,0.909345,AT
rs113754994,0.938299,TC
rs13346252,0.615815,CG
rs11879787,0.838858,AG
rs12972449,0.923922,CT
rs8113006,0.903954,GC
rs6511104,0.887181,AG
rs74786874,0.912939,GA
rs8109042,0.969649,CA
rs2078350,0.762580,AT
rs1233428,0.714771,AC
rs1064791,0.620008,TA
rs6129021,0.827875,TC
