chr1	14655423	14655424	rs16853960	+	G	A	0.963458
chr1	14772595	14772596	rs12091305	+	G	A	0.886382
chr1	17663337	17663338	rs1748029	-	C	G	0.594848
chr1	19672627	19672628	rs78660692	+	A	G	0.973243
chr1	23771336	23771337	rs55964453	+	G	A	0.939696
chr1	24719597	24719598	rs116117262	+	T	A	0.985823
chr1	28684219	28684220	rs9662425	+	C	T	0.731030
chr1	29641616	29641617	rs35770096	+	T	C	0.926717
chr1	30619405	30619406	rs10489685	-	T	A	0.923922
chr1	41711338	41711339	rs12130655	+	T	C	0.908746
chr1	42708341	42708342	rs11488299	+	G	A	0.972843
chr1	46618458	46618459	rs146203180	+	T	C	0.965655
chr1	50669369	50669370	rs4926846	+	T	C	0.878994
chr1	55677525	55677526	rs114261678	+	A	G	0.986821
chr1	57762307	57762308	rs76540545	+	T	C	0.940895
chr1	60724544	60724545	rs143212398	+	G	A	0.984225
chr1	61647102	61647103	rs12091215	+	A	G	0.765176
chr1	63628647	63628648	rs4269797	+	T	C	0.709265
chr1	66601410	66601411	rs2503173	+	G	A	0.520567
chr1	66666415	66666416	rs78367536	+	A	G	0.502995
chr1	67781530	67781531	rs12138219	+	A	G	0.801118
chr1	71607529	71607530	rs75813175	+	G	C	0.988219
chr1	72763323	72763324	rs113258216	+	C	T	0.983427
chr2	13672296	13672297	rs76959215	+	A	G	0.924920
chr2	14614524	14614525	rs10182537	+	C	G	0.595647
chr2	16632362	16632363	rs113122939	+	T	C	0.970248
chr2	16808371	16808372	rs6729677	+	A	G	0.559904
chr2	22614542	22614543	rs13410489	+	A	G	0.769768
chr2	22660220	22660221	rs73919402	+	T	A	0.983027
chr2	29717397	29717398	rs62129126	+	G	A	0.819489
chr2	29791278	29791279	rs67551105	+	G	A	0.939097
chr2	30736284	30736285	rs72856654	+	G	A	0.984824
chr2	34771476	34771477	rs112633680	+	G	T	0.966254
chr2	40707569	40707570	rs75890171	+	A	C	0.974641
chr2	40795578	40795579	rs183852809	+	G	A	0.987021
chr2	41786541	41786542	rs112143383	+	T	A	0.930911
chr2	42613323	42613324	rs113279629	+	C	A	0.603634
chr2	43622471	43622472	rs10166376	+	C	T	0.892372
chr2	43804228	43804229	rs13021894	+	T	C	0.666020
chr2	52603447	52603448	rs75288808	+	T	C	0.977636
chr2	53703154	53703155	rs1318578	+	C	A	0.735623
chr2	57706531	57706532	rs1914756	-	T	A	0.707268
chr2	61783469	61783470	rs113473201	+	C	T	0.888778
chr2	66648457	66648458	rs12471420	+	C	T	0.980232
chr2	70736218	70736219	rs454305	+	A	G	0.566294
chr3	11620365	11620366	rs112126611	+	A	G	0.777356
chr3	13765390	13765391	rs2974384	-	A	C	0.544928
chr3	15608347	15608348	rs112181655	+	T	C	0.865216
chr3	20632264	20632265	rs9833316	+	A	G	0.733427
chr3	21622300	21622301	rs185033605	+	A	G	0.887181
chr3	21763657	21763658	rs62239387	+	A	G	0.973842
chr3	22677585	22677586	rs117959043	+	T	A	0.966254
chr3	24602472	24602473	rs77058099	+	T	G	0.959665
chr3	25616251	25616252	rs55801354	+	G	A	0.837859
chr3	29656654	29656655	rs78857115	+	A	G	0.988818
chr3	30651545	30651546	rs6798752	+	A	C	0.965256
chr3	36708383	36708384	rs28587472	+	A	T	0.801917
chr3	42613593	42613594	rs56047094	+	A	T	0.872804
chr3	42730647	42730648	rs339701	-	C	G	0.827077
chr3	43765371	43765372	rs72622917	+	A	C	0.860423
chr3	46717491	46717492	rs4683269	+	C	G	0.699281
chr3	49765482	49765483	rs2307021	-	C	G	0.790535
chr3	55664448	55664449	rs7615339	+	G	A	0.577676
chr3	55698619	55698620	rs17055665	+	C	T	0.937101
chr3	57713359	57713360	rs7609911	+	A	C	0.532348
chr3	62668328	62668329	rs1395444	+	T	G	0.831070
chr3	65625475	65625476	rs4369976	+	A	G	0.852436
chr3	65765280	65765281	rs264114	+	A	G	0.639577
chr3	65809565	65809566	rs2372150	+	T	C	0.975839
chr3	66687321	66687322	rs146983397	+	C	A	0.969449
chr3	68721454	68721455	rs6783288	+	G	C	0.979034
chr3	69760189	69760190	rs12491686	+	A	G	0.645367
chr3	70600379	70600380	rs71298345	+	T	C	0.890974
chr4	11638234	11638235	rs11733751	+	G	T	0.567692
chr4	11704438	11704439	rs6448813	+	G	A	0.508387
chr4	13667309	13667310	rs148323849	+	A	C	0.989417
chr4	20644381	20644382	rs34354707	+	C	G	0.722644
chr4	22789345	22789346	rs28818214	+	T	C	0.882987
chr4	23737527	23737528	rs28513982	+	T	C	0.930312
chr4	27687157	27687158	rs71596114	+	A	G	0.968850
chr4	30630381	30630382	rs767478	+	G	A	0.772165
chr4	35660269	35660270	rs1019640	-	T	A	0.978634
chr4	37707374	37707375	rs13115041	+	C	T	0.566893
chr4	42727693	42727694	rs2575566	-	A	G	0.778155
chr4	58793135	58793136	rs7679695	+	C	T	0.971246
chr4	61750402	61750403	rs62313282	+	C	T	0.940296
chr5	23808435	23808436	rs11738030	+	G	T	0.872005
chr5	24717416	24717417	rs114612384	+	G	A	0.972843
chr5	25782550	25782551	rs2928269	+	T	C	0.588095
chr5	26631207	26631208	rs73063941	+	G	A	0.942891
chr5	26688476	26688477	rs141434960	+	C	T	0.933906
chr5	30687374	30687375	rs57019377	+	G	T	0.911941
chr5	33799479	33799480	rs13162619	+	T	C	0.969449
chr5	34775295	34775296	rs12652087	+	G	A	0.896366
chr5	41768262	41768263	rs79526174	+	T	C	0.989816
chr5	43752541	43752542	rs34184759	+	C	T	0.865216
chr5	53660186	53660187	rs75495915	+	C	T	0.984824
chr5	58743500	58743501	rs73760305	+	C	G	0.972843
chr5	62605605	62605606	rs72760756	+	C	T	0.791933
chr5	64724255	64724256	rs10940033	+	T	A	0.798922
chr5	65631172	65631173	rs28575626	+	C	G	0.733826
chr5	73685556	73685557	rs72760846	+	G	A	0.850439
chr6	11702388	11702389	rs72653727	+	C	T	0.974840
chr6	15802465	15802466	rs6914658	+	C	T	0.548522
chr6	17694554	17694555	rs78512215	+	T	C	0.980232
chr6	18644344	18644345	rs11965040	+	T	C	0.919928
chr6	18652314	18652315	rs112209529	+	G	A	0.973043
chr6	21735353	21735354	rs12528487	+	A	G	0.828075
chr6	22620527	22620528	rs190229320	+	T	C	0.771965
chr6	24732436	24732437	rs12210369	+	G	A	0.917532
chr6	28798412	28798413	rs74852590	+	C	T	0.988219
chr6	30667350	30667351	rs150016503	+	C	G	0.953874
chr6	30695135	30695136	rs76451048	+	G	A	0.905351
chr6	32633616	32633617	rs9274470	+	G	A	0.529752
chr6	33730490	33730491	rs73410182	+	T	C	0.985224
chr6	41706628	41706629	rs77943040	+	T	C	0.984824
chr6	41795330	41795331	rs12192677	+	G	A	0.791334
chr6	43634373	43634374	rs115507210	+	C	T	0.986222
chr6	48659580	48659581	rs111708554	+	T	C	0.987420
chr6	49620572	49620573	rs13194498	+	T	C	0.781550
chr6	50642375	50642376	rs78212069	+	T	C	0.980631
chr6	51751334	51751335	rs7765493	+	G	A	0.538538
chr6	54747600	54747601	rs56667985	+	A	G	0.883786
chr6	62762481	62762482	rs77895011	+	C	T	0.965256
chr6	65703282	65703283	rs28493571	+	C	T	0.927117
chr6	66781279	66781280	rs6934707	+	T	A	0.815296
chr6	67608249	67608250	rs6455164	+	T	A	0.787340
chr6	68661363	68661364	rs9363830	+	C	T	0.929912
chr6	69803461	69803462	rs6913677	+	G	A	0.553315
chr7	14707273	14707274	rs62448674	+	T	G	0.985024
chr7	15788240	15788241	rs37423	+	G	A	0.655152
chr7	18642596	18642597	rs73315010	+	T	C	0.970647
chr7	20656304	20656305	rs79217266	+	T	C	0.950280
chr7	29638433	29638434	rs7782330	+	G	A	0.920927
chr7	30727326	30727327	rs255098	+	G	A	0.603834
chr7	30765437	30765438	rs75189376	+	C	T	0.949681
chr7	31727475	31727476	rs34160	+	C	A	0.972843
chr7	33757529	33757530	rs139457014	+	C	T	0.941294
chr7	35744470	35744471	rs17171719	+	T	C	0.806510
chr7	45607609	45607610	rs74504498	+	C	T	0.965455
chr7	45624448	45624449	rs7456393	+	G	A	0.500998
chr7	47639365	47639366	rs75971594	+	T	C	0.988818
chr7	50625305	50625306	rs62447496	+	G	T	0.969449
chr7	51631275	51631276	rs10266155	+	A	C	0.804513
chr7	52675528	52675529	rs9649753	+	A	G	0.901558
chr7	54743609	54743610	rs642018	-	A	C	0.642173
chr7	55659263	55659264	rs67579125	+	T	C	0.814497
chr7	56772323	56772324	rs55855999	+	T	C	0.910942
chr7	67795308	67795309	rs113069098	+	C	T	0.964856
chr7	70629586	70629587	rs1014092	-	A	T	0.808107
chr8	26764500	26764501	rs503695	+	T	A	0.982228
chr8	27687277	27687278	rs144700966	+	G	A	0.987819
chr8	32810636	32810637	rs11997835	+	A	G	0.982827
chr8	40748339	40748340	rs75595178	+	G	A	0.879992
chr8	43684385	43684386	rs73568699	+	G	A	0.973043
chr8	47620361	47620362	rs7015416	+	G	A	0.964856
chr8	47633424	47633425	rs11778610	+	G	A	0.527756
chr8	49640577	49640578	rs9886548	+	C	A	0.985623
chr8	51809403	51809404	rs28392660	+	G	A	0.903554
chr8	58760393	58760394	rs2325882	+	G	A	0.718251
chr8	64661526	64661527	rs7834364	+	G	A	0.849441
chr8	64705210	64705211	rs73254798	+	A	G	0.973243
chr8	68622504	68622505	rs58967460	+	T	C	0.661941
chr8	72665385	72665386	rs4132899	+	A	C	0.605831
chr9	27802429	27802430	rs10968117	+	T	C	0.752196
chr9	31675253	31675254	rs7864110	+	T	C	0.619209
chr9	74621567	74621568	rs12682751	+	C	T	0.880990
chr10	11746273	11746274	rs56309919	+	C	G	0.683506
chr10	12764369	12764370	rs58429204	+	A	G	0.918730
chr10	13766410	13766411	rs12220850	+	A	T	0.926917
chr10	16738161	16738162	rs10904792	+	C	G	0.553714
chr10	18699403	18699404	rs7075571	+	G	C	0.765974
chr10	27738380	27738381	rs115699275	+	G	A	0.984225
chr10	44691547	44691548	rs1626459	+	T	C	0.667133
chr10	45695627	45695628	rs6593463	+	G	A	0.537340
chr10	49652372	49652373	rs7089077	+	G	A	0.880391
chr10	55754258	55754259	rs2253790	+	G	T	0.528954
chr10	66795230	66795231	rs10822412	+	C	T	0.720048
chr10	67666581	67666582	rs10740214	+	A	G	0.513778
chr10	71731576	71731577	rs16927145	+	T	C	0.951278
chr11	10706490	10706491	rs77820608	+	C	T	0.983826
chr11	11715554	11715555	rs7950263	+	T	C	0.955871
chr11	11743453	11743454	rs73421660	+	C	T	0.971645
chr11	12623197	12623198	rs12226830	+	T	G	0.668730
chr11	15661504	15661505	rs116062928	+	G	A	0.985823
chr11	19643329	19643330	rs10833139	+	T	C	0.842851
chr11	20630384	20630385	rs4923387	+	C	T	0.889976
chr11	20633377	20633378	rs78823948	+	T	C	0.905152
chr11	21601429	21601430	rs1945563	+	T	C	0.645168
chr11	24681531	24681532	rs3923615	-	G	A	0.500399
chr11	32794297	32794298	rs115124807	+	T	G	0.980631
chr11	37758392	37758393	rs1515038	+	A	G	0.737819
chr11	42624297	42624298	rs11036959	+	G	C	0.607827
chr11	50632117	50632118	rs1895000	+	G	A	0.573882
chr11	61706337	61706338	rs4963277	+	C	T	0.585463
chr11	69618689	69618690	rs58877002	+	A	G	0.929513
chr11	74771375	74771376	rs11600328	+	G	T	0.724641
chr12	11642555	11642556	rs11054317	+	C	T	0.870008
chr12	13728453	13728454	rs11611570	+	G	A	0.914936
chr12	14640476	14640477	rs11055996	+	T	C	0.687899
chr12	14717402	14717403	rs17405109	+	A	C	0.815296
chr12	18681351	18681352	rs12319492	+	A	T	0.981629
chr12	20617383	20617384	rs80016165	+	A	C	0.852436
chr12	22795488	22795489	rs79232500	+	T	C	0.987420
chr12	28630547	28630548	rs150571910	+	G	A	0.843650
chr12	33661223	33661224	rs149781750	+	G	T	0.963858
chr12	43622610	43622611	rs57360481	+	A	G	0.624800
chr12	51636258	51636259	rs1049467	+	C	T	0.780427
chr12	58797400	58797401	rs77225748	+	T	C	0.978634
chr12	67727412	67727413	rs12312713	+	A	G	0.982827
chr12	67736586	67736587	rs775641	-	G	C	0.947484
chr12	70635436	70635437	rs3759153	-	C	A	0.568490
chr12	74763669	74763670	rs12824952	+	G	A	0.841054
chr13	31777536	31777537	rs9805861	+	A	G	0.675919
chr13	33789144	33789145	rs7327456	+	C	T	0.789337
chr13	44634478	44634479	rs115233395	+	A	T	0.984225
chr13	54717554	54717555	rs2576136	+	G	A	0.875998
chr13	57758563	57758564	rs9597532	+	A	G	0.719848
chr13	58653694	58653695	rs9537938	+	G	A	0.580272
chr13	65641440	65641441	rs9528887	+	C	T	0.895567
chr13	73742571	73742572	rs111720825	+	G	A	0.989417
chr14	39728207	39728208	rs11621264	+	A	G	0.703474
chr14	46803313	46803314	rs8181993	+	G	A	0.615216
chr14	53621281	53621282	rs1959354	-	G	C	0.752995
chr14	55757363	55757364	rs67386901	+	C	T	0.724042
chr14	56692317	56692318	rs3783674	+	A	G	0.622005
chr14	56734315	56734316	rs71414112	+	C	G	0.792133
chr14	56758354	56758355	rs117658249	+	T	C	0.933307
chr14	57788300	57788301	rs148860954	+	A	G	0.987220
chr14	63669261	63669262	rs17100844	+	A	T	0.874002
chr14	72783299	72783300	rs146099570	+	T	C	0.981030
chr15	28696379	28696380	rs199983538	+	G	A	0.932708
chr15	33649565	33649566	rs3751640	+	G	A	0.911342
chr15	70666660	70666661	rs11072164	+	T	C	0.508187
chr16	11633294	11633295	rs34780011	+	T	C	0.592452
chr16	13664323	13664324	rs72773590	+	G	C	0.921126
chr16	13742303	13742304	rs35807965	+	C	T	0.723043
chr16	14732177	14732178	rs8057764	+	C	T	0.963059
chr16	17745337	17745338	rs13330165	+	C	T	0.980232
chr16	19680545	19680546	rs957676	+	T	C	0.661830
chr16	22791387	22791388	rs169735	+	A	G	0.832468
chr16	26669615	26669616	rs111689221	+	T	C	0.966653
chr16	31664269	31664270	rs56247978	+	A	G	0.960264
chr16	31701275	31701276	rs9831777	+	T	A	0.526957
chr16	33727366	33727367	rs542814607	+	G	A	0.963059
chr16	49789336	49789337	rs7197830	+	A	C	0.773163
chr16	51754185	51754186	rs114954714	+	C	T	0.988618
chr16	53784520	53784521	rs142908700	+	C	T	0.978634
chr16	58668565	58668566	rs149428	+	G	A	0.822883
chr16	58784323	58784324	rs1646280	+	G	A	0.679912
chr16	59787601	59787602	rs79641663	+	A	G	0.954273
chr16	65737242	65737243	rs7186160	+	T	C	0.577676
chr16	71797473	71797474	rs138636600	+	T	C	0.989417
chr16	73696272	73696273	rs12596350	+	C	T	0.948882
chr17	13723364	13723365	rs9890134	+	G	A	0.685903
chr17	18800569	18800570	rs74844627	+	C	T	0.943890
chr17	20602148	20602149	rs8065015	+	C	T	0.888379
chr17	20740630	20740631	rs2958460	-	C	A	0.503994
chr17	28801400	28801401	rs117173344	+	C	T	0.964856
chr17	31601151	31601152	rs1497359	-	G	C	0.621206
chr17	31604505	31604506	rs16968205	+	G	C	0.970847
chr17	32683288	32683289	rs3136676	+	A	G	0.896765
chr17	36704411	36704412	rs78891234	+	C	T	0.888978
chr17	41779448	41779449	rs139973896	+	C	T	0.989018
chr17	41806244	41806245	rs8077388	+	T	A	0.975040
chr17	43770524	43770525	rs62056862	+	C	T	0.913738
chr17	52632486	52632487	rs1346670	-	G	C	0.829473
chr17	58741271	58741272	rs73990937	+	A	T	0.946685
chr17	63775310	63775311	rs10083837	+	C	G	0.598043
chr17	74605271	74605272	rs2532433	-	C	A	0.847244
chr18	13600236	13600237	rs55826442	+	T	G	0.954673
chr18	24635238	24635239	rs16943240	+	A	G	0.969050
chr18	31752308	31752309	rs9945937	+	T	C	0.546126
chr18	49673150	49673151	rs12969976	+	G	T	0.951278
chr18	53648641	53648642	rs74951898	+	C	A	0.964657
chr18	71768442	71768443	rs138532613	+	A	T	0.909345
chr19	11672243	11672244	rs113754994	+	T	C	0.938299
chr19	13600314	13600315	rs13346252	+	C	G	0.615815
chr19	15801453	15801454	rs11879787	+	A	G	0.838858
chr19	17767371	17767372	rs12972449	+	C	T	0.923922
chr19	19669440	19669441	rs8113006	+	G	C	0.903954
chr19	20606441	20606442	rs6511104	+	A	G	0.887181
chr19	22790533	22790534	rs74786874	+	G	A	0.912939
chr19	38675354	38675355	rs8109042	+	C	A	0.969649
chr19	43643377	43643378	rs2078350	+	A	T	0.762580
chr19	44778404	44778405	rs1233428	+	A	C	0.714771
chr19	48721468	48721469	rs1064791	-	T	A	0.620008
chr20	59629380	59629381	rs6129021	+	T	C	0.827875
